a1,a2,b1,b2,lambda3,delta,f
0.005059833382868227,0.018261593161206267,0.286157950911614,0.03553974105720853,0.3780078421860391,-0.11960339372428218,"[0.5366892177796316, 0.7971234345740674, 0.1713263685074724, -0.3049772419484941, 0.15635103381010512, 0.02040082857484816, 0.05504243027319057, 0.5501328351526689, 0.6276228521518574, -0.23428036957338083, -0.20127055593008264, -0.0581966518505241, -0.09357823324985115, 0.5085605751949122, 0.309264864873829, 0.2730768784043982, 0.19385685619937176, 0.033588982074565836, 0.8074982324580041, 0.39776785769975603, -0.1430274518304006, 0.24125423837376386, 0.3996041338996847, 0.2943926495661475, -0.03015686867386319, 0.4422142325568497, 0.130008584136938, 0.11410794662621135, 0.2992291396312421, 0.3025000134460376, 0.21433243311460354, 0.4725611389792378, -0.05596400197456913, -0.0016886551385730643, -0.05876642238938467, 0.3114953238697085, -0.01689157513687385, -0.14536640359415226, 0.37920974171161204, -0.19362795508606567, -0.051167858372668094, -0.009590392050332446, 0.043368027807488246, 0.07812612523672707, -0.06154580964156159, -0.21727959801770855, 0.054066074284438444, 0.03972817986779359, 0.4832830248525227, 0.024703557636692963, -0.20968166982985953, -0.132320744374186, 0.23441635749968454, 0.16225231138482932, -0.11304809343639352, 0.12965006079477623, -0.21959002854703819, 0.08571299112437084, 0.028523117066045194, -0.026131616612460565]"
